抽選回,date,num1,num2,num3,num4,num5,num6,num7,bonus1,bonus2,set,本数字 奇:偶,本数字計,全数字 奇:偶,全数字計
第1回,2013/04/05,7,10,12,17,23,28,34,3,15,A,3：4,131,5：4,149
第2回,2013/04/12,20,24,29,31,33,34,35,12,32,E,4：3,206,4：5,250
第3回,2013/04/19,2,7,8,11,14,23,31,5,15,G,4：3,96,6：3,116
第4回,2013/04/26,12,13,22,23,24,28,29,2,14,C,3：4,151,3：6,167
第5回,2013/05/03,1,3,4,5,16,21,28,22,31,I,4：3,78,5：4,131
第6回,2013/05/10,5,15,19,23,30,34,35,6,25,J,5：2,161,6：3,192
第7回,2013/05/17,1,3,5,7,27,29,33,6,15,H,7：0,105,8：1,126
第8回,2013/05/24,2,21,28,29,30,32,36,6,8,B,2：5,178,2：7,192
第9回,2013/05/31,3,4,15,23,27,30,36,13,35,D,4：3,138,6：3,186
第10回,2013/06/07,1,2,3,6,24,28,30,16,20,D,2：5,94,2：7,130
第11回,2013/06/14,9,15,26,29,32,34,36,14,35,F,3：4,181,4：5,230
第12回,2013/06/21,11,12,14,19,26,27,33,24,32,A,4：3,142,4：5,198
第13回,2013/06/28,6,10,16,21,27,28,35,15,34,C,3：4,143,4：5,192
第14回,2013/07/05,4,7,8,9,24,28,30,34,36,E,2：5,110,2：7,180
第15回,2013/07/12,2,10,14,17,23,25,35,8,29,G,4：3,126,5：4,163
第16回,2013/07/19,5,6,9,13,16,21,23,8,34,D,5：2,93,5：4,135
第17回,2013/07/26,2,3,5,22,34,36,37,7,15,J,3：4,139,5：4,161
第18回,2013/08/02,12,17,21,24,29,31,36,20,26,G,4：3,170,4：5,216
第19回,2013/08/09,2,14,19,20,21,22,31,1,15,B,3：4,129,5：4,145
第20回,2013/08/16,2,5,13,20,21,23,28,11,22,I,4：3,112,5：4,145
第21回,2013/08/23,1,9,13,15,25,30,33,19,28,H,6：1,126,7：2,173
第22回,2013/08/30,2,4,8,9,15,23,25,3,10,C,4：3,86,5：4,99
第23回,2013/09/06,4,8,11,25,28,29,30,14,32,F,3：4,135,3：6,181
第24回,2013/09/13,4,5,8,10,16,19,33,2,29,A,3：4,95,4：5,126
第25回,2013/09/20,1,6,11,16,17,18,21,10,24,E,4：3,90,4：5,124
第26回,2013/09/27,11,13,16,18,26,31,36,21,27,D,3：4,151,5：4,199
第27回,2013/10/04,1,10,11,14,17,18,28,25,26,B,3：4,99,4：5,150
第28回,2013/10/11,6,7,12,15,19,35,37,1,11,J,5：2,131,7：2,143
第29回,2013/10/18,2,3,16,17,24,26,28,15,31,C,2：5,116,4：5,162
第30回,2013/10/25,6,8,13,22,26,32,36,16,34,G,1：6,143,1：8,193
第31回,2013/11/01,9,12,13,19,23,33,34,20,32,I,5：2,143,5：4,195
第32回,2013/11/08,3,8,15,18,27,29,37,31,34,A,5：2,137,6：3,202
第33回,2013/11/15,1,4,17,24,29,33,36,19,30,F,4：3,144,5：4,193
第34回,2013/11/22,4,6,7,23,24,32,35,8,27,H,3：4,131,4：5,166
第35回,2013/11/29,1,16,18,19,25,30,34,26,36,E,3：4,143,3：6,205
第36回,2013/12/06,5,6,10,11,20,28,36,25,37,E,2：5,116,4：5,178
第37回,2013/12/13,7,8,10,13,14,19,37,29,33,J,4：3,108,6：3,170
第38回,2013/12/20,4,14,19,22,24,29,34,8,31,D,2：5,146,3：6,185
第39回,2013/12/27,7,13,19,23,25,26,30,1,18,F,5：2,143,6：3,162
第40回,2014/01/10,2,6,11,23,26,31,34,7,20,C,3：4,133,4：5,160
第41回,2014/01/17,2,3,8,15,34,35,36,25,28,B,3：4,133,4：5,186
第42回,2014/01/24,2,15,16,17,23,31,33,8,26,G,5：2,137,5：4,171
第43回,2014/01/31,4,6,7,8,24,31,37,5,13,C,3：4,117,5：4,135
第44回,2014/02/07,3,4,6,15,27,28,29,1,14,I,4：3,112,5：4,127
第45回,2014/02/14,1,2,9,18,21,27,33,25,31,A,5：2,111,7：2,167
第46回,2014/02/21,2,5,6,15,23,27,30,4,35,J,4：3,108,5：4,147
第47回,2014/02/28,2,9,11,14,20,21,36,6,15,H,3：4,113,4：5,134
第48回,2014/03/07,3,5,24,26,29,30,34,8,35,F,3：4,151,4：5,194
第49回,2014/03/14,8,11,12,17,24,26,27,14,21,E,3：4,125,4：5,160
第50回,2014/03/21,3,4,7,8,15,24,29,11,16,D,4：3,90,5：4,117
第51回,2014/03/28,1,4,5,8,20,23,35,15,33,D,4：3,96,6：3,144
第52回,2014/04/04,8,10,22,24,26,32,34,5,9,B,0：7,156,2：7,170
第53回,2014/04/11,1,4,14,16,20,33,36,12,30,G,2：5,124,2：7,166
第54回,2014/04/18,1,3,5,10,18,22,23,7,35,I,4：3,82,6：3,124
第55回,2014/04/25,4,12,14,17,23,30,36,13,33,C,2：5,136,4：5,182
第56回,2014/05/02,4,23,26,27,28,32,36,29,30,A,2：5,176,3：6,235
第57回,2014/05/09,5,6,12,16,17,20,33,8,32,J,3：4,109,3：6,149
第58回,2014/05/16,1,6,7,8,23,32,33,11,34,E,4：3,110,5：4,155
第59回,2014/05/23,5,8,12,13,21,30,35,27,34,A,4：3,124,5：4,185
第60回,2014/05/30,3,7,9,15,16,23,34,5,33,B,5：2,107,7：2,145
第61回,2014/06/06,5,10,11,21,28,31,37,13,14,F,5：2,143,6：3,170
第62回,2014/06/13,4,10,12,15,27,32,33,9,16,D,3：4,133,4：5,158
第63回,2014/06/20,4,8,19,24,28,30,32,12,37,H,1：6,145,2：7,194
第64回,2014/06/27,4,15,16,17,20,29,36,19,26,G,3：4,137,4：5,182
第65回,2014/07/04,4,7,12,22,23,24,28,25,34,I,2：5,120,3：6,179
第66回,2014/07/11,1,11,25,28,31,33,37,3,20,E,6：1,166,7：2,189
第67回,2014/07/18,7,11,15,17,18,25,35,6,33,A,6：1,128,7：2,167
第68回,2014/07/25,2,7,13,15,24,34,35,12,23,C,4：3,130,5：4,165
第69回,2014/08/01,13,17,20,22,28,29,37,11,12,J,4：3,166,5：4,189
第70回,2014/08/08,9,10,18,21,27,33,35,4,11,F,5：2,153,6：3,168
第71回,2014/08/15,1,6,13,29,34,35,37,2,15,B,5：2,155,6：3,172
第72回,2014/08/22,11,12,18,19,20,31,32,9,21,D,3：4,143,5：4,173
第73回,2014/08/29,12,16,23,25,27,30,32,28,33,H,3：4,165,4：5,226
第74回,2014/09/05,5,13,14,15,16,24,31,9,11,I,4：3,118,6：3,138
第75回,2014/09/12,4,9,15,17,19,35,37,10,20,G,6：1,136,6：3,166
第76回,2014/09/19,4,13,18,29,32,34,36,24,33,E,2：5,166,3：6,223
第77回,2014/09/26,3,10,23,25,26,28,30,15,29,A,3：4,145,5：4,189
第78回,2014/10/03,5,6,10,14,24,28,36,7,20,C,1：6,123,2：7,150
第79回,2014/10/10,2,4,7,9,21,29,37,6,36,J,5：2,109,5：4,151
第80回,2014/10/17,2,5,10,18,21,24,27,25,34,F,3：4,107,4：5,166
第81回,2014/10/24,1,3,10,18,28,31,35,9,21,D,4：3,126,6：3,156
第82回,2014/10/31,1,3,16,20,25,27,34,18,37,H,4：3,126,5：4,181
第83回,2014/11/07,1,11,21,26,28,32,35,18,22,B,4：3,154,4：5,194
第84回,2014/11/14,8,16,23,28,29,35,36,12,37,I,3：4,175,4：5,224
第85回,2014/11/21,6,7,10,11,22,26,35,14,23,E,3：4,117,4：5,154
第86回,2014/11/28,3,10,20,21,22,26,30,24,35,G,2：5,132,3：6,191
第87回,2014/12/05,8,9,12,18,20,28,31,13,15,A,2：5,126,4：5,154
第88回,2014/12/12,3,4,10,14,25,29,30,18,19,C,3：4,115,4：5,152
第89回,2014/12/19,1,3,11,26,28,34,36,17,20,F,3：4,139,4：5,176
第90回,2014/12/26,2,8,9,13,14,18,37,11,25,J,3：4,101,5：4,137
第91回,2015/01/09,1,5,7,14,15,25,35,18,24,I,6：1,102,6：3,144
第92回,2015/01/16,4,5,15,25,26,29,32,11,27,D,4：3,136,6：3,174
第93回,2015/01/23,2,5,11,14,17,30,32,31,37,H,3：4,111,5：4,179
第94回,2015/01/30,13,19,20,27,28,29,30,26,36,B,4：3,166,4：5,228
第95回,2015/02/06,1,8,13,14,18,30,34,26,36,F,2：5,118,2：7,180
第96回,2015/02/13,9,11,14,21,22,23,24,10,36,E,4：3,124,4：5,170
第97回,2015/02/20,7,13,14,16,22,24,35,1,29,G,3：4,131,5：4,161
第98回,2015/02/27,3,9,11,13,19,25,33,10,30,A,7：0,113,7：2,153
第99回,2015/03/06,13,17,22,24,27,28,35,11,19,C,4：3,166,6：3,196
第100回,2015/03/13,1,2,11,16,25,35,36,9,14,J,4：3,126,5：4,149
第101回,2015/03/20,11,12,21,23,28,36,37,3,16,H,4：3,168,5：4,187
第102回,2015/03/27,1,4,8,27,28,29,31,13,25,E,4：3,128,6：3,166
第103回,2015/04/03,2,3,11,12,22,35,36,30,34,C,3：4,121,3：6,185
第104回,2015/04/10,7,9,11,15,16,22,37,12,13,A,5：2,117,6：3,142
第105回,2015/04/17,3,15,19,20,26,28,33,17,21,F,4：3,144,6：3,182
第106回,2015/04/24,6,10,12,19,21,22,30,1,11,I,2：5,120,4：5,132
第107回,2015/05/01,3,8,9,13,17,27,33,29,31,G,6：1,110,8：1,170
第108回,2015/05/08,2,6,7,8,28,30,36,18,21,D,1：6,117,2：7,156
第109回,2015/05/15,6,17,20,21,24,30,32,7,23,B,2：5,150,4：5,180
第110回,2015/05/22,4,12,22,30,31,35,36,19,37,H,2：5,170,4：5,226
第111回,2015/05/29,7,8,9,24,28,30,33,1,34,J,3：4,139,4：5,174
第112回,2015/06/05,6,7,10,15,27,35,36,13,20,E,4：3,136,5：4,169
第113回,2015/06/12,4,6,7,9,15,17,37,14,20,C,5：2,95,5：4,129
第114回,2015/06/19,8,13,26,27,28,29,37,4,12,F,4：3,168,4：5,184
第115回,2015/06/26,6,8,13,14,20,25,27,24,26,G,3：4,113,3：6,163
第116回,2015/07/03,9,14,23,27,28,31,32,3,20,I,4：3,164,5：4,187
第117回,2015/07/10,9,10,20,28,31,34,37,23,26,A,3：4,169,4：5,218
第118回,2015/07/17,5,8,9,24,27,28,30,16,20,D,3：4,131,3：6,167
第119回,2015/07/24,3,6,8,14,15,25,36,24,35,B,3：4,107,4：5,166
第120回,2015/07/31,2,16,18,26,32,35,37,9,36,C,2：5,166,3：6,211
第121回,2015/08/07,2,4,13,16,21,30,37,19,29,J,3：4,123,5：4,171
第122回,2015/08/14,2,16,18,26,27,34,35,5,12,H,2：5,158,3：6,175
第123回,2015/08/21,1,3,5,8,29,34,36,23,28,E,4：3,116,5：4,167
第124回,2015/08/28,1,2,15,17,18,22,36,6,27,F,3：4,111,4：5,144
第125回,2015/09/04,1,6,11,14,19,28,35,18,21,I,4：3,114,5：4,153
第126回,2015/09/11,4,10,13,16,17,21,27,1,18,D,4：3,108,5：4,127
第127回,2015/09/18,10,12,15,23,28,30,35,6,25,A,3：4,153,4：5,184
第128回,2015/09/25,2,4,8,23,26,27,32,3,35,C,2：5,122,4：5,160
第129回,2015/10/02,5,7,11,19,24,27,30,29,35,G,5：2,123,7：2,187
第130回,2015/10/09,1,15,20,23,25,31,32,5,24,B,5：2,147,6：3,176
第131回,2015/10/16,3,4,12,17,32,34,36,23,31,J,2：5,138,4：5,192
第132回,2015/10/23,7,10,14,16,20,30,31,35,37,E,2：5,128,4：5,200
第133回,2015/10/30,3,7,13,15,17,21,30,14,27,D,6：1,106,7：2,147
第134回,2015/11/06,4,9,20,28,30,34,35,12,29,H,2：5,160,3：6,201
第135回,2015/11/13,8,9,13,14,24,32,34,3,4,F,2：5,134,3：6,141
第136回,2015/11/20,10,17,24,27,30,33,37,18,31,I,4：3,178,5：4,227
第137回,2015/11/27,13,19,21,25,27,32,35,16,20,A,6：1,172,6：3,208
第138回,2015/12/04,2,5,17,20,21,32,33,30,35,E,4：3,130,5：4,195
第139回,2015/12/11,9,16,18,21,23,34,35,4,36,C,4：3,156,4：5,196
第140回,2015/12/18,3,11,12,13,17,26,35,1,33,G,5：2,117,7：2,151
第141回,2015/12/25,2,10,18,30,31,32,36,21,29,B,1：6,159,3：6,209
第142回,2016/01/08,6,12,14,18,21,27,28,1,33,J,2：5,126,4：5,160
第143回,2016/01/15,1,3,8,14,28,29,33,4,31,D,4：3,116,5：4,151
第144回,2016/01/22,2,9,13,18,22,32,36,17,26,H,2：5,132,3：6,175
第145回,2016/01/29,10,12,18,28,29,30,35,4,19,J,2：5,162,3：6,185
第146回,2016/02/05,4,10,25,27,28,33,34,15,35,F,3：4,161,5：4,211
第147回,2016/02/12,1,5,7,12,15,24,25,8,14,E,5：2,89,5：4,111
第148回,2016/02/19,1,9,11,16,20,30,34,12,33,C,3：4,121,4：5,166
第149回,2016/02/26,1,4,15,19,22,23,31,12,32,I,5：2,115,5：4,159
第150回,2016/03/04,6,7,14,20,27,31,34,11,24,A,3：4,139,4：5,174
第151回,2016/03/11,9,10,13,15,21,22,24,4,8,B,4：3,114,4：5,126
第152回,2016/03/18,8,12,17,21,23,24,31,6,7,G,4：3,136,5：4,149
第153回,2016/03/25,7,9,10,16,20,28,37,2,33,D,3：4,127,4：5,162
第154回,2016/04/01,2,4,19,21,24,28,35,3,13,H,3：4,133,5：4,149
第155回,2016/04/08,2,9,13,18,22,24,26,10,37,J,2：5,114,3：6,161
第156回,2016/04/15,4,9,16,19,22,33,34,17,36,E,3：4,137,4：5,190
第157回,2016/04/22,5,9,16,26,28,29,32,1,37,C,3：4,145,5：4,183
第158回,2016/04/29,3,6,7,30,32,36,37,5,20,I,3：4,151,4：5,176
第159回,2016/05/06,10,14,17,21,23,27,31,16,24,G,5：2,143,5：4,183
第160回,2016/05/13,1,2,8,24,32,36,37,23,33,F,2：5,140,4：5,196
第161回,2016/05/20,8,14,17,18,20,22,34,4,30,B,1：6,133,1：8,167
第162回,2016/05/27,2,7,8,12,14,23,27,6,10,A,3：4,93,3：6,109
第163回,2016/06/03,1,2,6,16,28,30,31,3,7,F,2：5,114,4：5,124
第164回,2016/06/10,3,13,20,23,31,35,36,2,11,D,5：2,161,6：3,174
第165回,2016/06/17,9,11,14,15,16,18,27,6,20,H,4：3,110,4：5,136
第166回,2016/06/24,14,20,27,29,30,31,37,23,34,J,4：3,188,5：4,245
第167回,2016/07/01,1,3,5,7,10,26,36,19,37,E,4：3,88,6：3,144
第168回,2016/07/08,3,9,12,14,19,20,36,2,5,I,3：4,113,4：5,120
第169回,2016/07/15,1,5,10,20,21,28,30,25,26,C,3：4,115,4：5,166
第170回,2016/07/22,3,5,6,9,27,32,36,12,24,A,4：3,118,4：5,154
第171回,2016/07/29,1,2,6,21,23,27,28,11,16,B,4：3,108,5：4,135
第172回,2016/08/05,5,20,21,27,30,31,36,9,26,D,4：3,170,5：4,205
第173回,2016/08/12,7,9,19,22,24,27,30,4,28,G,4：3,138,4：5,170
第174回,2016/08/19,10,13,14,15,23,31,32,4,29,F,4：3,138,5：4,171
第175回,2016/08/26,6,17,21,31,33,35,37,14,18,H,6：1,180,6：3,212
第176回,2016/09/02,1,11,12,17,22,30,35,15,16,J,4：3,128,5：4,159
第177回,2016/09/09,9,15,19,23,25,34,36,2,35,I,5：2,161,6：3,198
第178回,2016/09/16,6,9,11,15,26,34,36,13,37,E,3：4,137,5：4,187
第179回,2016/09/23,4,9,12,13,22,26,36,5,33,C,2：5,122,4：5,160
第180回,2016/09/30,1,8,11,21,23,25,28,5,37,D,5：2,117,7：2,159
第181回,2016/10/07,7,8,10,13,19,23,24,15,27,J,4：3,104,6：3,146
第182回,2016/10/14,1,7,10,11,20,23,30,3,37,A,4：3,102,6：3,142
第183回,2016/10/21,6,15,20,26,33,34,37,19,29,B,3：4,171,5：4,219
第184回,2016/10/28,7,14,18,22,23,26,34,2,32,F,2：5,144,2：7,178
第185回,2016/11/04,1,2,4,16,26,29,34,11,12,C,2：5,112,3：6,135
第186回,2016/11/11,5,14,16,19,31,33,37,21,28,G,5：2,155,6：3,204
第187回,2016/11/18,4,6,10,23,24,32,36,15,31,H,1：6,135,3：6,181
第188回,2016/11/25,6,15,19,25,26,30,31,14,18,E,4：3,152,4：5,184
第189回,2016/12/02,3,7,8,10,18,23,35,1,19,D,4：3,104,6：3,124
第190回,2016/12/09,2,11,12,18,21,33,36,8,34,I,3：4,133,3：6,175
第191回,2016/12/16,8,15,21,24,26,27,29,7,30,J,4：3,150,5：4,187
第192回,2016/12/23,12,13,14,19,25,33,34,3,22,F,4：3,150,5：4,175
第193回,2016/12/30,4,6,20,21,22,24,31,9,10,A,2：5,128,3：6,147
第194回,2017/01/06,3,6,27,30,31,32,36,14,23,B,3：4,165,4：5,202
第195回,2017/01/13,4,7,12,20,23,24,31,26,35,H,3：4,121,4：5,182
第196回,2017/01/20,7,13,15,25,30,32,37,8,14,G,5：2,159,5：4,181
第197回,2017/01/27,6,8,10,12,16,21,28,14,23,A,1：6,101,2：7,138
第198回,2017/02/03,18,21,31,32,33,36,37,5,25,C,4：3,208,6：3,238
第199回,2017/02/10,1,9,17,20,22,28,29,13,16,E,4：3,126,5：4,155
第200回,2017/02/17,13,14,17,21,27,28,34,1,11,B,4：3,154,6：3,166
第201回,2017/02/24,8,11,17,24,28,31,32,12,34,D,3：4,151,3：6,197
第202回,2017/03/03,3,7,11,16,22,34,37,29,32,F,4：3,130,5：4,191
第203回,2017/03/10,6,13,17,22,32,33,36,12,28,A,3：4,159,3：6,199
第204回,2017/03/17,5,19,20,21,30,34,36,7,12,I,3：4,165,4：5,184
第205回,2017/03/24,4,5,19,31,35,36,37,27,32,G,5：2,167,6：3,226
第206回,2017/03/31,1,6,7,11,27,35,36,22,26,J,5：2,123,5：4,171
第207回,2017/04/07,4,5,10,13,28,32,33,19,26,C,3：4,125,4：5,170
第208回,2017/04/14,4,13,16,18,22,26,33,27,29,H,2：5,132,4：5,188
第209回,2017/04/21,3,4,6,13,22,31,36,28,34,C,3：4,115,3：6,177
第210回,2017/04/28,2,4,6,11,15,19,36,23,34,F,3：4,93,4：5,150
第211回,2017/05/05,7,15,22,25,31,32,35,29,36,E,5：2,167,6：3,232
第212回,2017/05/12,4,6,10,19,20,24,29,1,27,B,2：5,112,4：5,140
第213回,2017/05/19,5,13,15,18,19,24,35,20,23,I,5：2,129,6：3,172
第214回,2017/05/26,2,6,9,12,31,36,37,3,22,A,3：4,133,4：5,158
第215回,2017/06/02,11,12,13,21,29,36,37,7,9,D,5：2,159,7：2,175
第216回,2017/06/09,9,14,22,24,25,36,37,8,28,G,3：4,167,3：6,203
第217回,2017/06/16,4,6,26,27,28,35,36,24,34,C,2：5,162,2：7,220
第218回,2017/06/23,15,16,17,21,26,29,30,10,34,J,4：3,154,4：5,198
第219回,2017/06/30,6,9,13,14,21,25,31,2,4,I,5：2,119,5：4,125
第220回,2017/07/07,7,9,11,18,25,28,35,20,27,H,5：2,133,6：3,180
第221回,2017/07/14,1,2,9,11,17,30,35,13,36,D,5：2,105,6：3,154
第222回,2017/07/21,3,9,18,21,23,27,29,35,37,F,6：1,130,8：1,202
第223回,2017/07/28,10,13,19,21,26,33,34,24,25,A,4：3,156,5：4,205
第224回,2017/08/04,2,4,7,10,12,29,34,1,21,E,2：5,98,4：5,120
第225回,2017/08/11,13,15,17,18,20,21,26,25,29,G,4：3,130,6：3,184
第226回,2017/08/18,12,17,21,24,26,30,32,10,22,B,2：5,162,2：7,194
第227回,2017/08/25,2,3,7,9,22,23,26,29,30,J,4：3,92,5：4,151
第228回,2017/09/01,6,11,14,21,24,28,31,22,36,C,3：4,135,3：6,193
第229回,2017/09/08,2,3,9,30,33,36,37,1,32,I,4：3,150,5：4,183
第230回,2017/09/15,3,5,8,15,22,25,27,18,31,H,5：2,105,6：3,154
第231回,2017/09/22,4,15,18,24,25,34,36,10,26,D,2：5,156,2：7,192
第232回,2017/09/29,2,4,7,9,15,35,37,10,23,F,5：2,109,6：3,142
第233回,2017/10/06,3,13,17,25,26,27,29,8,37,E,6：1,140,7：2,185
第234回,2017/10/13,7,14,15,16,23,25,30,5,34,F,4：3,130,5：4,169
第235回,2017/10/20,2,9,13,18,21,33,34,3,11,A,4：3,130,6：3,144
第236回,2017/10/27,19,22,23,34,35,36,37,10,30,I,4：3,206,4：5,246
第237回,2017/11/03,3,4,7,19,20,21,29,8,33,J,5：2,103,6：3,144
第238回,2017/11/10,3,21,26,33,34,35,37,23,31,B,5：2,189,7：2,243
第239回,2017/11/17,8,13,17,21,23,28,37,1,14,C,5：2,147,6：3,162
第240回,2017/11/24,9,12,14,24,29,31,35,5,30,G,4：3,154,5：4,189
第241回,2017/12/01,5,11,12,19,21,26,28,4,20,H,4：3,122,4：5,146
第242回,2017/12/08,1,5,13,17,31,32,35,19,24,E,6：1,134,7：2,177
第243回,2017/12/15,6,9,13,18,20,22,30,11,14,D,2：5,118,3：6,143
第244回,2017/12/22,2,9,17,22,32,34,36,11,12,F,2：5,152,3：6,175
第245回,2017/12/29,2,8,9,11,24,26,27,7,36,A,3：4,107,4：5,150
第246回,2018/01/05,3,6,9,19,23,25,31,21,36,I,6：1,116,7：2,173
第247回,2018/01/12,10,12,13,16,34,35,36,11,37,G,2：5,156,4：5,204
第248回,2018/01/19,1,5,6,22,25,27,31,12,18,J,5：2,117,5：4,147
第249回,2018/01/26,9,20,28,29,31,34,37,5,25,D,4：3,188,6：3,218
第250回,2018/02/02,5,9,10,13,26,30,34,18,23,F,3：4,127,4：5,168
第251回,2018/02/09,1,15,20,26,28,34,37,23,30,B,3：4,161,4：5,214
第252回,2018/02/16,8,23,24,25,27,30,31,11,17,C,4：3,168,6：3,196
第253回,2018/02/23,6,7,9,12,15,17,24,26,29,H,4：3,90,5：4,145
第254回,2018/03/02,1,12,14,18,23,24,31,7,26,A,3：4,123,4：5,156
第255回,2018/03/09,1,4,11,13,15,21,32,5,10,C,5：2,97,6：3,112
第256回,2018/03/16,14,21,24,27,30,33,37,19,20,E,4：3,186,5：4,225
第257回,2018/03/23,5,15,16,26,27,32,35,23,28,G,4：3,156,5：4,207
第258回,2018/03/30,1,3,11,20,23,32,35,25,26,B,5：2,125,6：3,176
第259回,2018/04/06,5,6,15,19,22,29,32,4,31,I,4：3,128,5：4,163
第260回,2018/04/13,4,8,12,23,29,31,34,5,6,G,3：4,141,4：5,152
第261回,2018/04/20,4,14,15,17,21,23,26,7,8,F,4：3,120,5：4,135
第262回,2018/04/27,2,6,7,9,19,23,36,5,15,J,4：3,102,6：3,122
第263回,2018/05/04,1,5,11,16,27,35,36,6,14,D,5：2,131,5：4,151
第264回,2018/05/11,8,13,15,17,21,26,29,4,24,I,5：2,129,5：4,157
第265回,2018/05/18,12,13,15,19,21,24,36,10,37,H,4：3,140,5：4,187
第266回,2018/05/25,6,11,15,17,20,27,32,16,22,B,4：3,128,4：5,166
第267回,2018/06/01,8,13,18,20,23,25,26,6,28,D,3：4,133,3：6,167
第268回,2018/06/08,4,5,9,15,29,31,33,26,27,A,6：1,126,7：2,179
第269回,2018/06/15,1,9,15,24,31,33,36,2,26,E,5：2,149,5：4,177
第270回,2018/06/22,1,2,11,13,15,24,25,26,28,J,5：2,91,5：4,145
第271回,2018/06/29,1,9,15,16,19,32,35,14,31,G,5：2,127,6：3,172
第272回,2018/07/06,2,5,8,15,18,26,31,19,25,C,3：4,105,5：4,149
第273回,2018/07/13,13,15,21,23,26,32,34,5,9,I,4：3,164,6：3,178
第274回,2018/07/20,9,14,21,23,25,26,37,7,29,F,5：2,155,7：2,191
第275回,2018/07/27,8,9,15,19,24,25,35,34,37,E,5：2,135,6：3,206
第276回,2018/08/03,3,6,12,17,22,34,35,2,33,H,3：4,129,4：5,164
第277回,2018/08/10,6,7,9,11,21,23,25,1,22,I,6：1,102,7：2,125
第278回,2018/08/17,6,9,14,21,23,33,36,27,28,B,4：3,142,5：4,197
第279回,2018/08/24,7,11,15,17,19,23,31,9,37,E,7：0,123,9：0,169
第280回,2018/08/31,4,9,10,11,24,32,35,2,37,C,3：4,125,4：5,164
第281回,2018/09/07,1,2,17,19,20,22,26,30,36,J,3：4,107,3：6,173
第282回,2018/09/14,10,17,18,25,29,35,36,7,14,G,4：3,170,5：4,191
第283回,2018/09/21,13,14,15,17,23,29,31,10,19,D,6：1,142,7：2,171
第284回,2018/09/28,6,7,10,25,29,30,33,1,31,A,4：3,140,6：3,172
第285回,2018/10/05,11,15,21,26,30,34,35,4,36,F,4：3,172,4：5,212
第286回,2018/10/12,4,5,14,17,18,29,37,27,31,B,4：3,124,6：3,182
第287回,2018/10/19,2,7,10,20,24,29,34,4,8,G,2：5,126,2：7,138
第288回,2018/10/26,1,8,9,16,27,32,37,17,31,I,4：3,130,6：3,178
第289回,2018/11/02,2,7,10,12,16,17,34,23,25,D,2：5,98,4：5,146
第290回,2018/11/09,3,13,22,26,31,32,37,29,35,H,4：3,164,6：3,228
第291回,2018/11/16,1,11,18,19,21,29,37,5,15,A,6：1,136,8：1,156
第292回,2018/11/23,12,15,25,26,27,29,35,24,30,A,5：2,169,5：4,223
第293回,2018/11/30,11,13,15,20,27,29,35,1,7,J,6：1,150,8：1,158
第294回,2018/12/07,3,4,6,10,14,22,29,28,32,F,2：5,88,2：7,148
第295回,2018/12/14,4,5,6,8,9,22,32,13,26,J,2：5,86,3：6,125
第296回,2018/12/21,1,8,10,12,18,28,29,25,27,H,2：5,106,4：5,158
第297回,2018/12/28,2,3,11,16,23,28,36,8,24,C,3：4,119,3：6,151
第298回,2019/01/04,1,3,8,11,18,19,22,26,30,E,4：3,82,4：5,138
第299回,2019/01/11,1,6,10,13,16,26,36,28,30,B,2：5,108,2：7,166
第300回,2019/01/18,4,7,21,31,33,34,35,6,12,I,5：2,165,5：4,183
第301回,2019/01/25,4,11,12,25,27,30,33,5,19,E,4：3,142,6：3,166
第302回,2019/02/01,8,16,26,27,28,32,34,4,25,G,1：6,171,2：7,200
第303回,2019/02/08,4,7,14,17,21,34,37,10,30,A,4：3,134,4：5,174
第304回,2019/02/15,7,9,10,17,28,33,36,18,23,A,4：3,140,5：4,181
第305回,2019/02/22,6,17,23,24,27,28,31,10,18,H,4：3,156,4：5,184
第306回,2019/03/01,12,13,15,22,25,33,35,1,31,D,5：2,155,7：2,187
第307回,2019/03/08,5,8,15,24,25,32,35,20,26,F,4：3,144,4：5,190
第308回,2019/03/15,5,6,11,15,20,32,33,13,25,A,4：3,122,6：3,160
第309回,2019/03/22,1,7,13,14,16,21,22,18,34,J,4：3,94,4：5,146
第310回,2019/03/29,17,25,26,28,31,32,37,6,9,E,4：3,196,5：4,211
第311回,2019/04/05,9,11,18,24,26,27,37,30,33,C,4：3,152,5：4,215
第312回,2019/04/12,1,2,4,18,20,29,34,17,30,J,2：5,108,3：6,155
第313回,2019/04/19,9,13,16,23,28,29,30,1,20,B,4：3,148,5：4,169
第314回,2019/04/26,3,6,8,19,32,34,35,12,30,C,3：4,137,3：6,179
第315回,0000/00/00,3,11,18,26,30,33,37,28,31,I,4：3,158,5：4,217
第316回,0000/00/00,3,9,10,17,30,33,34,6,8,G,4：3,136,4：5,150
第317回,0000/00/00,7,8,14,15,16,20,29,18,19,H,3：4,109,4：5,146
第318回,2019/05/24,4,5,10,12,27,34,36,3,14,E,2：5,128,3：6,145
第319回,2019/05/31,2,6,14,23,28,31,35,19,27,D,3：4,139,5：4,185
第320回,2019/06/07,5,6,18,22,26,33,34,36,37,E,2：5,144,3：6,217
第321回,2019/06/14,15,24,27,28,29,34,35,9,25,F,4：3,192,6：3,226
第322回,2019/06/21,1,10,11,21,26,29,30,14,20,A,4：3,128,4：5,162
第323回,2019/06/28,11,14,15,21,26,34,36,23,27,C,3：4,157,5：4,207
第324回,2019/07/05,9,13,16,17,18,19,20,30,36,B,4：3,112,4：5,178
第325回,2019/07/12,4,14,17,18,21,31,33,6,20,J,4：3,138,4：5,164
第326回,2019/07/19,1,2,17,18,24,27,29,12,32,G,4：3,118,4：5,162
第327回,2019/07/26,1,3,13,14,16,30,31,2,17,D,4：3,108,5：4,127
第328回,2019/08/02,3,9,10,14,19,24,30,18,21,G,3：4,109,4：5,148
第329回,2019/08/09,3,10,19,20,26,28,30,15,25,I,2：5,136,4：5,176
第330回,2019/08/16,3,4,10,12,17,18,20,19,32,H,2：5,84,3：6,135
第331回,2019/08/23,5,7,11,12,15,18,20,19,30,G,4：3,88,5：4,137
第332回,2019/08/30,5,7,10,15,24,27,30,3,33,E,4：3,118,6：3,154
第333回,2019/09/06,1,4,10,11,16,24,34,30,32,G,2：5,100,2：7,162
第334回,2019/09/13,3,7,15,16,30,34,35,8,29,A,4：3,140,5：4,177
第335回,2019/09/20,9,10,17,18,22,25,35,13,14,C,4：3,136,5：4,163
第336回,2019/09/27,9,10,13,21,25,31,33,24,37,B,6：1,142,7：2,203
第337回,2019/10/04,5,7,10,12,14,24,35,11,33,I,3：4,107,5：4,151
第338回,2019/10/11,7,9,16,17,23,27,34,15,36,F,5：2,133,6：3,184
第339回,2019/10/18,11,15,18,20,23,25,32,9,37,B,4：3,144,6：3,190
第340回,2019/10/25,6,14,17,26,27,30,36,12,28,D,2：5,156,2：7,196
第341回,2019/11/01,4,11,17,27,29,31,36,19,24,J,5：2,155,6：3,198
第342回,2019/11/08,3,6,24,28,32,35,36,4,8,H,2：5,164,2：7,176
第343回,2019/11/15,17,19,22,29,30,31,32,11,16,E,4：3,180,5：4,207
第344回,2019/11/22,11,19,28,29,31,32,37,12,21,I,5：2,187,6：3,220
第345回,2019/11/29,6,9,10,18,28,31,32,24,35,G,2：5,134,3：6,193
第346回,2019/12/06,11,16,18,23,30,31,35,3,27,C,4：3,164,6：3,194
第347回,2019/12/13,3,6,11,13,18,20,34,25,35,E,3：4,105,5：4,165
第348回,2019/12/20,2,5,17,18,19,20,33,1,24,B,4：3,114,5：4,139
第349回,2019/12/27,4,10,11,15,18,22,34,16,32,A,2：5,114,2：7,162
第350回,2020/01/10,10,19,21,23,24,30,37,2,28,D,4：3,164,4：5,194
第351回,2020/01/17,8,13,17,19,23,25,28,5,16,F,5：2,133,6：3,154
第352回,2020/01/24,3,4,14,18,26,30,32,28,34,I,1：6,127,1：8,189
第353回,2020/01/31,11,15,22,23,24,29,33,19,34,G,5：2,157,6：3,210
第354回,2020/02/07,1,2,8,10,13,25,31,23,35,J,4：3,90,6：3,148
第355回,2020/02/14,4,6,9,10,23,27,33,14,31,H,4：3,112,5：4,157
第356回,2020/02/21,4,16,20,30,33,34,36,19,21,C,1：6,173,3：6,213
第357回,2020/02/28,5,8,12,13,14,24,30,27,35,D,2：5,106,4：5,168
第358回,2020/03/06,5,13,14,26,32,33,34,8,11,E,3：4,157,4：5,176
第359回,2020/03/13,4,7,11,17,19,26,35,1,24,B,5：2,119,6：3,144
第360回,2020/03/20,9,11,13,14,20,22,37,15,17,H,4：3,126,6：3,158
第361回,2020/03/27,5,9,16,20,29,33,35,2,8,A,5：2,147,5：4,157
第362回,2020/04/03,4,7,8,14,22,24,27,13,26,C,2：5,106,3：6,145
第363回,2020/04/10,13,15,17,22,26,34,36,3,19,F,3：4,163,5：4,185
第364回,2020/04/17,3,9,10,14,16,20,27,19,33,G,3：4,99,5：4,151
第365回,2020/04/24,1,4,13,14,16,22,35,10,23,I,3：4,105,4：5,138
第366回,2020/05/01,10,24,25,26,27,33,36,4,23,D,3：4,181,4：5,208
第367回,2020/05/08,8,14,19,20,29,30,31,7,35,B,3：4,151,5：4,193
第368回,2020/05/15,7,8,9,13,21,34,35,3,20,J,5：2,127,6：3,150
第369回,2020/05/22,1,7,9,11,15,31,34,6,33,I,6：1,108,7：2,147
第370回,2020/05/29,7,10,16,25,26,33,34,24,35,E,3：4,151,4：5,210
第371回,2020/06/05,1,3,4,8,11,21,25,12,23,H,5：2,73,6：3,108
第372回,2020/06/12,6,8,22,23,32,33,36,9,27,E,2：5,160,4：5,196
第373回,2020/06/19,2,3,17,18,22,23,31,4,30,A,4：3,116,4：5,150
第374回,2020/06/26,4,5,9,10,18,27,35,15,34,C,4：3,108,5：4,157
第375回,2020/07/03,13,15,18,19,23,27,32,34,35,F,5：2,147,6：3,216
第376回,2020/07/10,6,11,14,17,23,31,37,10,15,G,5：2,139,6：3,164
第377回,2020/07/17,6,7,10,17,25,33,36,27,32,I,4：3,134,5：4,193
第378回,2020/07/24,1,5,9,10,14,15,29,20,28,F,5：2,83,5：4,131
第379回,2020/07/31,3,8,15,22,24,29,35,18,26,A,4：3,136,4：5,180
第380回,2020/08/07,8,14,24,25,32,34,36,13,16,D,1：6,173,2：7,202
第381回,2020/08/14,4,8,25,26,27,31,32,9,22,B,3：4,153,4：5,184
第382回,2020/08/21,2,3,5,8,19,22,37,16,28,E,4：3,96,4：5,140
第383回,2020/08/28,8,11,15,22,26,28,30,10,20,H,2：5,140,2：7,170
第384回,2020/09/04,3,7,15,18,26,30,31,9,33,F,4：3,130,6：3,172
第385回,2020/09/11,4,12,14,24,29,34,35,5,15,I,2：5,152,4：5,172
第386回,2020/09/18,9,19,22,32,35,36,37,7,21,J,4：3,190,6：3,218
第387回,2020/09/25,3,7,13,22,30,32,37,14,15,G,4：3,144,5：4,173
第388回,2020/10/02,1,6,8,10,18,21,32,13,28,C,2：5,96,3：6,137
第389回,2020/10/09,1,6,11,13,18,24,27,17,23,E,4：3,100,6：3,140
第390回,2020/10/16,3,6,19,21,23,26,27,30,34,A,5：2,125,5：4,189
第391回,2020/10/23,10,23,27,32,33,35,37,24,26,F,5：2,197,5：4,247
第392回,2020/10/30,1,4,6,15,20,22,26,18,21,B,2：5,94,3：6,133
第393回,2020/11/06,7,14,15,22,27,30,31,9,32,D,4：3,146,5：4,187
第394回,2020/11/13,6,10,22,23,27,32,33,8,19,E,3：4,153,4：5,180
第395回,2020/11/20,1,2,5,20,26,29,32,8,9,H,3：4,115,4：5,132
第396回,2020/11/27,2,3,5,8,16,20,34,26,31,J,2：5,88,3：6,145
第397回,2020/12/04,4,12,13,15,21,28,37,7,20,I,4：3,130,5：4,157
第398回,2020/12/11,3,4,10,17,20,22,33,1,6,G,3：4,109,4：5,116
第399回,2020/12/18,7,15,19,20,21,33,36,4,10,D,5：2,151,5：4,165
第400回,2020/12/25,4,17,22,28,30,31,35,25,34,B,3：4,167,4：5,226
第401回,2021/01/08,4,5,9,14,18,30,35,1,33,E,3：4,115,5：4,149
第402回,2021/01/15,7,9,12,17,20,26,29,4,13,C,4：3,120,5：4,137
第403回,2021/01/22,2,6,8,12,19,20,29,5,26,A,2：5,96,3：6,127
第404回,2021/01/29,4,8,13,16,25,30,32,9,26,F,2：5,128,3：6,163
第405回,2021/02/05,3,10,16,17,24,32,36,11,29,B,2：5,138,4：5,178
第406回,2021/02/12,1,2,5,16,18,21,29,24,25,H,4：3,92,5：4,141
第407回,2021/02/19,19,21,25,26,28,30,31,9,16,A,4：3,180,5：4,205
第408回,2021/02/26,16,18,19,21,29,30,35,14,28,J,4：3,168,4：5,210
第409回,2021/03/05,13,15,16,24,30,31,37,12,33,I,4：3,166,5：4,211
第410回,2021/03/12,1,2,18,21,26,29,37,9,36,D,4：3,134,5：4,179
第411回,2021/03/19,4,11,12,21,23,27,36,9,14,G,4：3,134,5：4,157
第412回,2021/03/26,14,20,22,29,31,33,34,15,24,A,3：4,183,4：5,222
第413回,2021/04/02,3,10,16,18,19,34,35,27,36,F,3：4,135,4：5,198
第414回,2021/04/09,3,8,16,21,25,36,37,14,20,C,4：3,146,4：5,180
第415回,2021/04/16,4,8,12,13,23,32,37,16,35,J,3：4,129,4：5,180
第416回,2021/04/23,8,9,10,15,16,30,31,29,36,J,3：4,119,4：5,184
第417回,2021/04/30,4,5,13,18,23,27,32,9,11,E,4：3,122,6：3,142
第418回,2021/05/07,10,13,17,18,22,28,37,1,30,H,3：4,145,4：5,176
第419回,2021/05/14,3,11,14,21,26,29,34,22,33,B,4：3,138,5：4,193
第420回,2021/05/21,4,5,11,13,24,32,34,2,3,A,3：4,123,4：5,128
第421回,2021/05/28,9,15,18,26,28,32,37,21,36,G,3：4,165,4：5,222
第422回,2021/06/04,1,9,21,23,30,35,36,5,6,D,5：2,155,6：3,166
第423回,2021/06/11,1,7,9,11,29,31,32,2,6,A,6：1,120,6：3,128
第424回,2021/06/18,5,6,12,19,25,30,35,26,33,F,4：3,132,5：4,191
第425回,2021/06/25,2,9,14,20,22,34,35,7,24,I,2：5,136,3：6,167
第426回,2021/07/02,1,2,6,8,30,31,33,13,35,C,3：4,111,5：4,159
第427回,2021/07/09,11,13,26,27,31,33,37,9,18,J,6：1,178,7：2,205
第428回,2021/07/16,3,6,16,22,31,34,35,24,32,E,3：4,147,3：6,203
第429回,2021/07/23,6,11,14,27,30,32,35,18,24,J,3：4,155,3：6,197
第430回,2021/07/30,2,12,17,24,28,30,32,3,27,H,1：6,145,3：6,175
第431回,2021/08/06,7,11,12,17,19,20,26,2,3,A,4：3,112,5：4,117
第432回,2021/08/13,5,10,13,24,29,30,35,21,31,D,4：3,146,6：3,198
第433回,2021/08/20,14,17,20,25,32,33,36,10,34,E,3：4,177,3：6,221
第434回,2021/08/27,10,11,12,17,29,34,37,26,30,B,4：3,150,4：5,206
第435回,2021/09/03,3,5,7,11,15,17,25,13,32,I,7：0,83,8：1,128
第436回,2021/09/10,5,6,21,22,26,31,32,18,36,A,3：4,143,3：6,197
第437回,2021/09/17,8,10,14,15,23,25,26,1,11,G,3：4,121,5：4,133
第438回,2021/09/24,4,13,16,21,32,34,37,27,33,F,3：4,157,5：4,217
第439回,2021/10/01,1,3,6,9,26,29,31,14,18,C,5：2,105,5：4,137
第440回,2021/10/08,5,10,17,18,19,22,32,14,35,H,3：4,123,4：5,172
第441回,2021/10/15,15,21,22,23,27,28,37,8,25,J,5：2,173,6：3,206
第442回,2021/10/22,6,13,14,16,19,30,32,25,36,E,2：5,130,3：6,191
第443回,2021/10/29,1,5,8,26,28,32,36,23,24,G,2：5,136,3：6,183
第444回,2021/11/05,11,15,16,17,18,27,29,25,33,I,5：2,133,7：2,191
第445回,2021/11/12,4,22,25,27,28,30,33,2,3,D,3：4,169,4：5,174
第446回,2021/11/19,1,7,9,12,15,29,32,11,28,B,5：2,105,6：3,144
第447回,2021/11/26,3,5,8,13,26,30,37,25,28,F,4：3,122,5：4,175
第448回,2021/12/03,7,21,24,29,32,36,37,22,27,B,4：3,186,5：4,235
第449回,2021/12/10,2,21,26,27,32,33,34,8,9,D,3：4,175,4：5,192
第450回,2021/12/17,2,7,12,15,21,23,30,9,31,A,4：3,110,6：3,150
第451回,2021/12/24,2,15,22,25,28,33,37,10,17,I,4：3,162,5：4,189
第452回,2022/01/07,5,17,20,21,31,34,35,8,27,E,5：2,163,6：3,198
第453回,2022/01/14,2,8,10,21,24,26,35,9,13,C,2：5,126,4：5,148
第454回,2022/01/21,8,17,21,26,27,29,31,1,33,H,5：2,159,7：2,193
第455回,2022/01/28,1,5,8,15,18,26,36,33,34,B,3：4,109,4：5,176
第456回,2022/02/04,9,15,17,18,22,25,31,33,36,F,5：2,137,6：3,206
第457回,2022/02/11,7,14,19,27,31,35,36,9,33,I,5：2,169,7：2,211
第458回,2022/02/18,7,11,12,14,19,21,33,6,37,J,5：2,117,6：3,160
第459回,2022/02/25,2,4,7,8,10,20,29,14,33,C,2：5,80,3：6,127
第460回,2022/03/04,5,6,9,23,27,28,30,4,13,A,4：3,128,5：4,145
第461回,2022/03/11,2,13,19,22,32,35,37,14,33,G,4：3,160,5：4,207
第462回,2022/03/18,7,11,24,27,29,34,35,4,18,D,5：2,167,5：4,189
第463回,2022/03/25,3,7,13,16,19,24,30,6,10,E,4：3,112,4：5,128
第464回,2022/04/01,7,8,13,17,30,32,36,1,10,A,3：4,143,4：5,154
第465回,2022/04/08,1,4,5,13,27,31,35,15,22,B,6：1,116,7：2,153
第466回,2022/04/15,5,6,8,14,15,25,29,18,33,F,4：3,102,5：4,153
第467回,2022/04/22,7,8,11,13,14,26,30,31,34,H,3：4,109,4：5,174
第468回,2022/04/29,3,12,15,16,25,29,37,26,28,G,5：2,137,5：4,191
第469回,2022/05/06,1,6,8,13,16,30,33,23,28,I,3：4,107,4：5,158
第470回,2022/05/13,2,3,9,16,27,32,36,1,34,J,3：4,125,4：5,160
第471回,2022/05/20,3,5,7,8,11,19,34,17,32,C,5：2,87,6：3,136
第472回,2022/05/27,5,7,8,32,33,34,36,4,6,G,3：4,155,3：6,165
第473回,2022/06/03,6,11,21,24,28,33,37,8,27,D,4：3,160,5：4,195
第474回,2022/06/10,3,17,19,21,24,32,34,27,28,E,4：3,150,5：4,205
第475回,2022/06/17,1,2,22,24,26,31,37,12,19,I,3：4,143,4：5,174
第476回,2022/06/24,4,7,9,15,22,24,31,21,37,B,4：3,112,6：3,170
第477回,2022/07/01,2,5,9,19,25,32,37,7,29,H,5：2,129,7：2,165
第478回,2022/07/08,6,8,11,13,16,20,32,12,34,A,2：5,106,2：7,152
第479回,2022/07/15,8,11,13,18,24,30,31,21,23,E,3：4,135,5：4,179
第480回,2022/07/22,10,13,19,21,26,30,36,22,34,F,3：4,155,3：6,211
第481回,2022/07/29,1,10,13,14,16,25,27,5,21,F,4：3,106,6：3,132
第482回,2022/08/05,2,5,14,15,17,19,36,8,34,I,4：3,108,4：5,150
第483回,2022/08/12,2,11,20,23,25,36,37,29,34,J,4：3,154,5：4,217
第484回,2022/08/19,1,4,6,9,13,22,31,29,30,C,4：3,86,5：4,145
第485回,2022/08/26,4,6,17,20,22,24,26,8,9,G,1：6,119,2：7,136
第486回,2022/09/02,8,13,15,23,24,31,35,14,19,D,5：2,149,6：3,182
第487回,2022/09/09,9,10,13,15,26,34,37,22,36,H,4：3,144,4：5,202
第488回,2022/09/16,3,13,16,18,19,20,35,2,11,B,4：3,124,5：4,137
第489回,2022/09/23,3,6,7,15,25,29,31,8,14,G,6：1,116,6：3,138
第490回,2022/09/30,12,14,18,21,23,29,37,7,15,E,4：3,154,6：3,176
第491回,2022/10/07,3,14,17,21,22,32,35,6,30,F,4：3,144,4：5,180
第492回,2022/10/14,7,10,12,15,23,31,37,9,18,I,5：2,135,6：3,162
第493回,2022/10/21,5,13,14,20,21,25,31,9,36,B,5：2,129,6：3,174
第494回,2022/10/28,7,9,12,22,28,29,32,17,19,A,3：4,139,5：4,175
第495回,2022/11/04,2,16,19,20,22,33,36,6,32,C,2：5,148,2：7,186
第496回,2022/11/11,5,8,15,18,25,27,36,10,26,D,4：3,134,4：5,170
第497回,2022/11/18,18,20,24,26,27,30,33,17,19,J,2：5,178,4：5,214
第498回,2022/11/25,6,8,12,20,21,24,29,4,18,F,2：5,120,2：7,142
第499回,2022/12/02,5,9,14,18,27,32,34,6,12,H,3：4,139,3：6,157
第500回,2022/12/09,17,18,24,30,31,32,35,6,36,E,3：4,187,3：6,229
第501回,2022/12/16,1,2,4,7,12,14,31,30,33,A,3：4,71,4：5,134
第502回,2022/12/23,1,2,12,17,21,22,33,4,30,I,4：3,108,4：5,142
第503回,2022/12/30,5,7,8,13,23,26,33,31,37,B,5：2,115,7：2,183
第504回,2023/01/06,1,3,4,5,6,29,31,11,14,G,5：2,79,6：3,104
第505回,2023/01/13,9,10,12,15,16,28,36,1,23,C,2：5,126,4：5,150
第506回,2023/01/20,8,14,19,22,29,31,37,3,21,D,4：3,160,6：3,184
第507回,2023/01/27,4,19,25,26,30,32,36,1,15,F,2：5,172,4：5,188
第508回,2023/02/03,1,5,6,9,16,26,31,25,33,B,4：3,94,6：3,152
第509回,2023/02/10,10,14,22,26,27,32,33,20,37,J,2：5,164,3：6,221
第510回,2023/02/17,3,5,9,11,17,33,37,4,22,E,7：0,115,7：2,141
第511回,2023/02/24,1,9,14,24,28,36,37,16,31,H,3：4,149,4：5,196
第512回,2023/03/03,5,7,17,22,25,26,28,3,23,A,4：3,130,6：3,156
第513回,2023/03/10,1,4,10,13,15,19,37,16,20,I,5：2,99,5：4,135
第514回,2023/03/17,1,5,10,17,20,27,37,3,22,E,5：2,117,6：3,142
第515回,2023/03/24,3,15,17,22,26,27,28,6,8,G,4：3,138,4：5,152
第516回,2023/03/31,7,12,15,16,18,25,36,9,19,C,3：4,129,5：4,157
第517回,2023/04/07,3,6,10,16,26,29,31,7,24,F,3：4,121,4：5,152
第518回,2023/04/14,5,8,11,24,30,32,36,4,35,D,2：5,146,3：6,185
第519回,2023/04/21,1,2,8,14,17,21,34,20,26,A,3：4,97,3：6,143
第520回,2023/04/28,9,22,25,28,33,34,37,15,16,B,4：3,188,5：4,219
第521回,2023/05/05,21,24,25,27,30,33,36,3,31,J,4：3,196,6：3,230
第522回,2023/05/12,1,10,12,19,22,25,37,2,34,H,4：3,126,4：5,162
第523回,2023/05/19,3,17,19,27,28,32,35,2,34,I,5：2,161,5：4,197
第524回,2023/05/26,4,17,22,27,29,31,34,3,37,G,4：3,164,6：3,204
第525回,2023/06/02,11,14,17,18,21,25,31,1,27,C,5：2,137,7：2,165
第526回,2023/06/09,4,13,17,19,20,26,29,2,28,J,4：3,128,4：5,158
第527回,2023/06/16,4,8,12,25,27,32,34,15,17,C,2：5,142,4：5,174
第528回,2023/06/23,5,7,10,19,30,32,33,1,17,E,4：3,136,6：3,154
第529回,2023/06/30,7,9,13,14,22,26,29,10,21,D,4：3,120,5：4,151
第530回,2023/07/07,1,11,13,28,29,30,34,23,27,F,4：3,146,6：3,196
第531回,2023/07/14,4,6,9,11,14,28,30,10,12,A,2：5,102,2：7,124
第532回,2023/07/21,4,9,13,18,26,28,36,8,16,B,2：5,134,2：7,158
第533回,2023/07/28,2,4,9,11,14,25,37,29,32,G,4：3,102,5：4,163
第534回,2023/08/04,10,17,18,19,20,24,25,30,32,H,3：4,133,3：6,195
第535回,2023/08/11,5,11,12,19,29,32,36,9,26,E,4：3,144,5：4,179
第536回,2023/08/18,8,12,16,17,22,28,34,9,37,I,1：6,137,3：6,183
第537回,2023/08/25,2,3,9,13,14,35,37,4,17,C,5：2,113,6：3,134
第538回,2023/09/01,1,2,11,12,16,25,28,6,22,F,3：4,95,3：6,123
第539回,2023/09/08,4,6,8,18,20,27,35,24,26,J,2：5,118,2：7,168
第540回,2023/09/15,3,7,10,18,19,28,36,13,26,D,3：4,121,4：5,160
第541回,2023/09/22,6,14,23,25,27,28,34,19,37,A,3：4,157,5：4,213
第542回,2023/09/29,2,9,26,31,33,35,36,15,20,H,4：3,172,5：4,207
第543回,2023/10/06,2,11,13,18,23,24,36,17,26,B,3：4,127,4：5,170
第544回,2023/10/13,10,11,18,21,22,29,34,4,32,I,3：4,145,3：6,181
第545回,2023/10/20,3,12,16,17,27,30,34,15,37,E,3：4,139,5：4,191
第546回,2023/10/27,7,14,17,28,33,35,36,13,27,G,4：3,170,6：3,210
第547回,2023/11/03,4,11,14,18,23,25,29,17,32,A,4：3,124,5：4,173
第548回,2023/11/10,1,13,16,17,18,25,30,20,34,A,4：3,120,4：5,174
第549回,2023/11/17,13,19,20,28,33,34,35,4,32,C,4：3,182,4：5,218
第550回,2023/11/24,7,8,13,22,24,29,30,10,35,F,3：4,133,4：5,178
第551回,2023/12/01,15,16,17,22,29,32,37,23,24,D,4：3,168,5：4,215
第552回,2023/12/08,7,11,12,16,18,33,34,1,14,J,3：4,131,4：5,146
第553回,2023/12/15,2,6,13,15,16,20,33,9,28,H,3：4,105,4：5,142
第554回,2023/12/22,4,10,15,17,29,32,36,13,30,E,3：4,143,4：5,186
第555回,2023/12/29,9,12,17,19,26,32,34,11,22,F,3：4,149,4：5,182
第556回,2024/01/05,17,20,26,28,29,33,35,1,6,B,4：3,188,5：4,195
第557回,2024/01/12,3,5,7,10,17,18,35,2,21,G,5：2,95,6：3,118
第558回,2024/01/19,15,20,21,22,23,26,34,6,10,H,3：4,161,3：6,177
第559回,2024/01/26,3,4,10,13,15,18,22,2,16,I,3：4,85,3：6,103
第560回,2024/02/02,3,20,29,32,33,34,35,2,24,A,4：3,186,4：5,212
第561回,2024/02/09,6,8,19,20,27,32,37,13,33,C,3：4,149,5：4,195
第562回,2024/02/16,2,14,15,20,28,30,34,3,4,D,1：6,143,2：7,150
第563回,2024/02/23,1,4,6,14,16,19,31,12,18,E,3：4,91,3：6,121
第564回,2024/03/01,9,13,15,18,22,24,30,6,27,J,3：4,131,4：5,164
第565回,2024/03/08,3,6,9,11,19,30,36,1,33,F,4：3,114,6：3,148
第566回,2024/03/15,3,5,18,25,28,35,37,7,8,B,5：2,151,6：3,166
第567回,2024/03/22,6,8,16,18,19,34,37,15,30,I,2：5,138,3：6,183
第568回,2024/03/29,8,18,20,29,30,33,34,5,23,J,2：5,172,4：5,200
第569回,2024/04/05,12,15,17,22,30,34,35,5,9,C,3：4,165,5：4,179
第570回,2024/04/12,1,3,9,12,25,26,35,29,31,A,5：2,111,7：2,171
第571回,2024/04/19,13,26,27,29,30,34,37,2,23,B,4：3,196,5：4,221
第572回,2024/04/26,1,2,4,19,21,26,28,3,25,G,3：4,101,5：4,129
第573回,2024/05/03,11,12,18,19,23,26,31,15,25,E,4：3,140,6：3,180
第574回,2024/05/10,4,5,13,16,22,23,35,36,37,H,4：3,118,5：4,191
第575回,2024/05/17,2,12,18,20,25,28,30,9,23,D,1：6,135,3：6,167
第576回,2024/05/24,11,13,14,18,19,23,31,7,27,I,5：2,129,7：2,163
第577回,2024/05/31,11,13,19,25,29,36,37,18,30,F,6：1,170,6：3,218
第578回,2024/06/07,2,15,19,20,22,31,36,13,23,A,3：4,145,5：4,181
第579回,2024/06/14,7,19,23,33,34,35,36,5,10,J,5：2,187,6：3,202
第580回,2024/06/21,4,13,14,15,17,27,33,2,11,G,5：2,123,6：3,136
第581回,2024/06/28,3,8,10,15,18,23,37,17,24,C,4：3,114,5：4,155
第582回,2024/07/05,5,7,22,29,30,32,36,3,33,H,3：4,161,5：4,197
第583回,2024/07/12,1,5,8,9,20,30,37,11,26,B,4：3,110,5：4,147
第584回,2024/07/19,10,11,12,17,23,30,36,20,21,E,3：4,139,4：5,180
第585回,2024/07/26,6,11,13,14,16,27,34,12,25,J,3：4,121,4：5,158
第586回,2024/08/02,1,2,4,14,15,22,23,13,36,D,3：4,81,4：5,130
第587回,2024/08/09,15,18,21,22,23,25,32,1,30,E,4：3,156,5：4,187
第588回,2024/08/16,3,5,9,13,15,21,31,12,17,A,7：0,97,8：1,126
第589回,2024/08/23,1,6,8,9,14,29,33,5,23,I,4：3,100,6：3,128
第590回,2024/08/30,1,3,9,10,15,25,35,19,28,F,6：1,98,7：2,145
第591回,2024/09/06,4,7,8,11,21,23,35,10,24,C,5：2,109,5：4,143
第592回,2024/09/13,3,8,11,15,19,24,32,14,30,G,4：3,112,4：5,156
第593回,2024/09/20,3,8,9,14,15,22,32,1,12,H,3：4,103,4：5,116
第594回,2024/09/27,5,12,21,25,27,34,36,10,32,B,4：3,160,4：5,202
第595回,2024/10/04,14,15,16,19,25,28,33,6,29,J,4：3,150,5：4,185
第596回,2024/10/11,1,9,16,19,23,29,32,5,37,H,5：2,129,7：2,171
第597回,2024/10/18,2,4,14,15,22,27,34,1,5,F,2：5,118,4：5,124
第598回,2024/10/25,1,4,7,11,12,18,26,3,33,D,3：4,79,5：4,115
第599回,2024/11/01,4,7,16,19,26,31,33,25,29,A,4：3,136,6：3,190
第600回,2024/11/08,1,2,12,16,19,29,32,9,37,E,3：4,111,5：4,157
第601回,2024/11/15,4,8,18,20,29,35,37,19,34,I,3：4,151,4：5,204
第602回,2024/11/22,7,15,18,24,29,31,34,5,25,F,4：3,158,6：3,188
第603回,2024/11/29,4,9,10,23,28,30,34,18,31,C,2：5,138,3：6,187
第604回,2024/12/06,4,6,9,12,25,31,36,27,30,G,3：4,123,4：5,180
第605回,2024/12/13,2,8,15,26,28,31,32,19,24,B,2：5,142,3：6,185
第606回,2024/12/20,9,17,18,20,22,27,36,25,37,J,3：4,149,5：4,211
第607回,2024/12/27,12,14,20,27,31,34,37,19,21,G,3：4,175,5：4,215
第608回,2025/01/10,7,10,11,18,20,29,30,32,36,H,3：4,125,3：6,193
第609回,2025/01/17,4,11,12,23,26,32,37,1,9,A,3：4,145,5：4,155
第610回,2025/01/24,1,8,9,23,24,31,36,21,28,D,4：3,132,5：4,181
第611回,2025/01/31,7,8,11,18,20,30,34,5,14,G,2：5,128,3：6,147
第612回,2025/02/07,5,13,16,23,27,31,34,26,33,J,5：2,149,6：3,208
第613回,2025/02/14,3,5,6,10,19,21,35,13,27,I,5：2,99,7：2,139
第614回,2025/02/21,14,21,22,23,24,28,34,5,37,H,2：5,166,4：5,208
第615回,2025/02/28,4,11,21,26,27,28,33,10,13,F,4：3,150,5：4,173
第616回,2025/03/07,7,15,20,28,29,34,36,1,35,E,3：4,169,5：4,205
第617回,2025/03/14,2,6,10,12,25,28,35,27,31,C,2：5,118,4：5,176
第618回,2025/03/21,7,17,20,23,24,34,36,25,35,B,3：4,161,5：4,221
第619回,2025/03/28,8,9,18,20,27,29,32,7,12,A,3：4,143,4：5,162
第620回,2025/04/04,2,4,8,10,12,29,32,6,13,D,1：6,97,2：7,116
第621回,2025/04/11,1,2,12,13,14,30,36,9,24,J,2：5,108,3：6,141
第622回,2025/04/18,1,10,28,29,30,33,34,21,27,H,3：4,165,5：4,213
第623回,2025/04/25,9,12,22,26,28,31,37,7,30,G,3：4,165,4：5,202
第624回,2025/05/02,2,14,15,26,27,34,36,9,24,F,2：5,154,3：6,187
第625回,2025/05/09,3,10,12,18,19,24,32,4,15,I,2：5,118,3：6,137
第626回,2025/05/16,1,3,7,12,17,32,34,14,30,E,4：3,106,4：5,150
第627回,2025/05/23,9,15,21,30,33,34,37,10,35,E,5：2,179,6：3,224
第628回,2025/05/30,1,8,9,11,18,27,35,16,34,C,5：2,109,5：4,159
第629回,2025/06/06,2,7,9,21,23,24,30,22,29,A,4：3,116,5：4,167
第630回,2025/06/13,4,6,8,23,28,29,34,10,19,C,2：5,132,3：6,161
第631回,2025/06/20,2,3,6,17,33,35,36,25,37,J,4：3,132,6：3,194
第632回,2025/06/27,5,7,10,11,29,31,37,13,25,I,6：1,130,8：1,168
第633回,2025/07/04,2,5,10,17,21,31,36,20,32,G,4：3,122,4：5,174
第634回,2025/07/11,2,12,18,29,32,36,37,5,21,F,2：5,166,4：5,192
第635回,2025/07/18,10,12,20,29,30,31,34,4,15,A,2：5,166,3：6,185
第636回,2025/07/25,10,14,17,20,26,27,29,3,11,B,3：4,143,5：4,157
第637回,2025/08/01,1,4,7,8,9,20,21,11,30,D,4：3,70,5：4,111
第638回,2025/08/08,1,6,18,19,35,36,37,11,24,I,4：3,152,5：4,187
第639回,2025/08/15,5,9,12,15,30,31,34,13,29,H,4：3,136,6：3,178
第640回,2025/08/22,2,7,9,12,13,14,29,15,30,B,4：3,86,5：4,131
第641回,2025/08/29,1,3,7,23,24,33,36,17,30,J,5：2,127,6：3,174
第642回,2025/09/05,1,7,22,23,33,34,35,2,24,E,5：2,155,5：4,181
第643回,2025/09/12,1,5,15,16,18,27,34,19,22,A,4：3,116,5：4,157
第644回,2025/09/19,1,11,12,14,20,26,29,2,5,C,3：4,113,4：5,120
第645回,2025/09/26,7,10,16,20,26,32,35,24,33,F,2：5,146,3：6,203
第646回,2025/10/03,5,12,13,15,18,35,37,11,29,G,5：2,135,7：2,175
第647回,2025/10/10,4,5,9,13,17,22,28,18,31,D,4：3,98,5：4,147
第648回,2025/10/17,3,17,19,24,28,29,35,7,13,H,5：2,155,7：2,175
第649回,2025/10/24,12,22,23,26,33,35,37,2,21,B,4：3,188,5：4,211
第650回,2025/10/31,1,8,10,14,25,33,35,12,21,I,4：3,126,5：4,159
第651回,2025/11/07,2,13,19,20,24,26,35,29,36,E,3：4,139,4：5,204
第652回,2025/11/14,1,16,21,26,27,30,35,6,37,J,4：3,156,5：4,199
第653回,2025/11/21,6,7,12,25,26,30,33,13,15,F,3：4,139,5：4,167
第654回,2025/11/28,3,12,25,29,30,32,33,28,31,A,4：3,164,5：4,223
第655回,2025/12/05,4,5,12,13,24,26,33,3,14,E,3：4,117,4：5,134
第656回,2025/12/12,1,4,6,20,30,34,37,14,25,A,2：5,132,3：6,171
第657回,2025/12/19,9,11,16,23,27,29,32,6,24,E,5：2,147,5：4,177
第658回,2025/12/26,10,12,16,18,19,22,37,11,20,C,2：5,134,3：6,165
第659回,2026/01/09,2,8,9,14,27,34,36,5,18,J,2：5,130,3：6,153
第660回,2026/01/16,4,6,12,13,16,17,31,14,20,G,3：4,99,3：6,133
第661回,2026/01/23,7,12,17,22,31,34,35,20,32,B,4：3,158,4：5,210
第662回,2026/01/30,4,14,15,21,22,24,37,5,20,F,3：4,137,4：5,162
第663回,2026/02/06,4,6,10,11,13,17,23,25,32,H,4：3,84,5：4,141
